year,Voting_Type,Percent
2018,early_pct,28.62510587924906
2018,mail_pct,7.065009858920241
2018,election_pct,64.3098842618307
2020,early_pct,32.39958116976125
2020,mail_pct,49.48867808352239
2020,election_pct,14.393206520844378
2022,early_pct,21.57631200216589
2022,mail_pct,19.307656136451076
2022,election_pct,59.116031861383036
