year,early,election_day,mail,total,early_pct,mail_pct,election_pct,total_pct
2018,659669,1482029,162814,2304512,28.62510587924906,7.065009858920241,64.3098842618307,100
2020,983985,437126,1502986,3037030,32.39958116976125,49.48867808352239,14.393206520844378,96.28146577412801
2022,378551,1037176,338748,1754475,21.57631200216589,19.307656136451076,59.116031861383036,100
