pct_mail,pct_early,pct_election_day
49.48867808,32.39958117,14.39320652
7.065009859,28.62510588,64.30988426
19.30765614,21.576312,59.11603186